"Date","variable","value","Location","Temp"
2003-05-18,"Tici_temp",14.8295125961304,"Ticino","Mean temperature"
2003-05-19,"Tici_temp",16.5109825134277,"Ticino","Mean temperature"
2003-05-20,"Tici_temp",14.3298244476318,"Ticino","Mean temperature"
2003-05-21,"Tici_temp",13.729606628418,"Ticino","Mean temperature"
2003-05-22,"Tici_temp",15.4302654266357,"Ticino","Mean temperature"
2003-05-23,"Tici_temp",18.4491004943848,"Ticino","Mean temperature"
2003-05-24,"Tici_temp",17.4074897766113,"Ticino","Mean temperature"
2003-05-25,"Tici_temp",16.6562576293945,"Ticino","Mean temperature"
2003-05-26,"Tici_temp",15.8821611404419,"Ticino","Mean temperature"
2003-05-27,"Tici_temp",18.9407787322998,"Ticino","Mean temperature"
2003-05-28,"Tici_temp",18.2230701446533,"Ticino","Mean temperature"
2003-05-29,"Tici_temp",17.0316619873047,"Ticino","Mean temperature"
2003-05-30,"Tici_temp",17.6446151733398,"Ticino","Mean temperature"
2003-05-31,"Tici_temp",19.6608066558838,"Ticino","Mean temperature"
2003-06-01,"Tici_temp",20.0766830444336,"Ticino","Mean temperature"
2003-06-02,"Tici_temp",18.3032207489014,"Ticino","Mean temperature"
2003-06-03,"Tici_temp",18.9700317382812,"Ticino","Mean temperature"
2003-06-04,"Tici_temp",19.1050128936768,"Ticino","Mean temperature"
2003-06-05,"Tici_temp",19.9066162109375,"Ticino","Mean temperature"
2003-06-06,"Tici_temp",20.9198951721191,"Ticino","Mean temperature"
2003-06-07,"Tici_temp",21.3755302429199,"Ticino","Mean temperature"
2003-06-08,"Tici_temp",19.0109443664551,"Ticino","Mean temperature"
2003-06-09,"Tici_temp",22.2618732452393,"Ticino","Mean temperature"
2003-06-10,"Tici_temp",22.8383464813232,"Ticino","Mean temperature"
2003-06-11,"Tici_temp",24.0945377349854,"Ticino","Mean temperature"
2003-06-12,"Tici_temp",24.9560089111328,"Ticino","Mean temperature"
2003-06-13,"Tici_temp",25.1370429992676,"Ticino","Mean temperature"
2003-06-14,"Tici_temp",22.1927051544189,"Ticino","Mean temperature"
2003-06-15,"Tici_temp",23.7011241912842,"Ticino","Mean temperature"
2003-06-16,"Tici_temp",24.9039878845215,"Ticino","Mean temperature"
2003-06-17,"Tici_temp",20.3070850372314,"Ticino","Mean temperature"
2003-06-18,"Tici_temp",22.0767955780029,"Ticino","Mean temperature"
2003-06-19,"Tici_temp",23.0626831054688,"Ticino","Mean temperature"
2003-06-20,"Tici_temp",25.2161903381348,"Ticino","Mean temperature"
2003-06-21,"Tici_temp",25.4077262878418,"Ticino","Mean temperature"
2003-06-22,"Tici_temp",24.5766277313232,"Ticino","Mean temperature"
2003-06-23,"Tici_temp",24.9743576049805,"Ticino","Mean temperature"
2003-06-24,"Tici_temp",24.6399307250977,"Ticino","Mean temperature"
2003-06-25,"Tici_temp",24.9821281433105,"Ticino","Mean temperature"
2003-06-26,"Tici_temp",24.9314403533936,"Ticino","Mean temperature"
2003-06-27,"Tici_temp",23.9323463439941,"Ticino","Mean temperature"
2003-06-28,"Tici_temp",21.4036083221436,"Ticino","Mean temperature"
2003-06-29,"Tici_temp",21.825252532959,"Ticino","Mean temperature"
2003-06-30,"Tici_temp",22.4809150695801,"Ticino","Mean temperature"
2003-07-01,"Tici_temp",17.6596984863281,"Ticino","Mean temperature"
2003-07-02,"Tici_temp",18.353702545166,"Ticino","Mean temperature"
2003-07-03,"Tici_temp",18.4873466491699,"Ticino","Mean temperature"
2003-07-04,"Tici_temp",18.0881443023682,"Ticino","Mean temperature"
2003-07-05,"Tici_temp",19.7593879699707,"Ticino","Mean temperature"
2003-07-06,"Tici_temp",20.5807914733887,"Ticino","Mean temperature"
2003-07-07,"Tici_temp",21.2424240112305,"Ticino","Mean temperature"
2003-07-08,"Tici_temp",23.383768081665,"Ticino","Mean temperature"
2003-07-09,"Tici_temp",22.4508743286133,"Ticino","Mean temperature"
2003-07-10,"Tici_temp",23.7643089294434,"Ticino","Mean temperature"
2003-07-11,"Tici_temp",25.2213706970215,"Ticino","Mean temperature"
2003-07-12,"Tici_temp",24.444486618042,"Ticino","Mean temperature"
2003-07-13,"Tici_temp",25.7783451080322,"Ticino","Mean temperature"
2003-07-14,"Tici_temp",21.9426612854004,"Ticino","Mean temperature"
2003-07-15,"Tici_temp",23.4074459075928,"Ticino","Mean temperature"
2003-07-16,"Tici_temp",22.3494720458984,"Ticino","Mean temperature"
2003-07-17,"Tici_temp",22.0731563568115,"Ticino","Mean temperature"
2003-07-18,"Tici_temp",23.9734134674072,"Ticino","Mean temperature"
2003-07-19,"Tici_temp",24.1617889404297,"Ticino","Mean temperature"
2003-07-20,"Tici_temp",25.5484828948975,"Ticino","Mean temperature"
2003-07-21,"Tici_temp",20.0774345397949,"Ticino","Mean temperature"
2003-07-22,"Tici_temp",22.0212631225586,"Ticino","Mean temperature"
2003-07-23,"Tici_temp",23.1714763641357,"Ticino","Mean temperature"
2003-07-24,"Tici_temp",18.1340637207031,"Ticino","Mean temperature"
2003-07-25,"Tici_temp",21.0903072357178,"Ticino","Mean temperature"
2003-07-26,"Tici_temp",22.1911697387695,"Ticino","Mean temperature"
2003-07-27,"Tici_temp",19.9506320953369,"Ticino","Mean temperature"
2003-07-28,"Tici_temp",20.9757709503174,"Ticino","Mean temperature"
2003-07-29,"Tici_temp",21.2070636749268,"Ticino","Mean temperature"
2003-07-30,"Tici_temp",20.8365936279297,"Ticino","Mean temperature"
2003-07-31,"Tici_temp",19.7084312438965,"Ticino","Mean temperature"
2003-08-01,"Tici_temp",22.9897747039795,"Ticino","Mean temperature"
2003-08-02,"Tici_temp",23.5504779815674,"Ticino","Mean temperature"
2003-08-03,"Tici_temp",25.2101383209229,"Ticino","Mean temperature"
2003-08-04,"Tici_temp",25.6293411254883,"Ticino","Mean temperature"
2003-08-05,"Tici_temp",26.157413482666,"Ticino","Mean temperature"
2003-08-06,"Tici_temp",26.9523315429688,"Ticino","Mean temperature"
2003-08-07,"Tici_temp",26.9430847167969,"Ticino","Mean temperature"
2003-08-08,"Tici_temp",25.5846862792969,"Ticino","Mean temperature"
2003-08-09,"Tici_temp",27.0985488891602,"Ticino","Mean temperature"
2003-08-10,"Tici_temp",26.9149761199951,"Ticino","Mean temperature"
2003-08-11,"Tici_temp",28.3679904937744,"Ticino","Mean temperature"
2003-08-12,"Tici_temp",27.0436477661133,"Ticino","Mean temperature"
2003-08-13,"Tici_temp",27.0215148925781,"Ticino","Mean temperature"
2003-08-14,"Tici_temp",23.211742401123,"Ticino","Mean temperature"
2003-08-15,"Tici_temp",21.5007972717285,"Ticino","Mean temperature"
2003-08-16,"Tici_temp",23.0643672943115,"Ticino","Mean temperature"
2003-08-17,"Tici_temp",20.2049293518066,"Ticino","Mean temperature"
2003-08-18,"Tici_temp",18.0609741210938,"Ticino","Mean temperature"
2003-08-19,"Tici_temp",21.8702793121338,"Ticino","Mean temperature"
2003-08-20,"Tici_temp",21.2491607666016,"Ticino","Mean temperature"
2003-08-21,"Tici_temp",19.8996276855469,"Ticino","Mean temperature"
2003-08-22,"Tici_temp",21.9784755706787,"Ticino","Mean temperature"
2003-08-23,"Tici_temp",23.2898693084717,"Ticino","Mean temperature"
2003-08-24,"Tici_temp",21.8265380859375,"Ticino","Mean temperature"
2003-08-25,"Tici_temp",22.2233810424805,"Ticino","Mean temperature"
2003-08-26,"Tici_temp",22.7279796600342,"Ticino","Mean temperature"
2003-08-27,"Tici_temp",23.0397624969482,"Ticino","Mean temperature"
2003-08-28,"Tici_temp",20.5881862640381,"Ticino","Mean temperature"
2003-08-29,"Tici_temp",16.8785858154297,"Ticino","Mean temperature"
2003-08-30,"Tici_temp",18.9444942474365,"Ticino","Mean temperature"
2003-08-31,"Tici_temp",17.1627750396729,"Ticino","Mean temperature"
2003-09-01,"Tici_temp",15.0440292358398,"Ticino","Mean temperature"
2003-09-02,"Tici_temp",16.0636882781982,"Ticino","Mean temperature"
2003-09-03,"Tici_temp",14.6212539672852,"Ticino","Mean temperature"
2003-09-04,"Tici_temp",15.5010986328125,"Ticino","Mean temperature"
2003-09-05,"Tici_temp",15.8567457199097,"Ticino","Mean temperature"
2003-09-06,"Tici_temp",17.485860824585,"Ticino","Mean temperature"
2003-09-07,"Tici_temp",15.8888130187988,"Ticino","Mean temperature"
2003-09-08,"Tici_temp",14.3250389099121,"Ticino","Mean temperature"
2003-09-09,"Tici_temp",14.5899381637573,"Ticino","Mean temperature"
2003-09-10,"Tici_temp",17.9433784484863,"Ticino","Mean temperature"
2003-09-11,"Tici_temp",15.6852378845215,"Ticino","Mean temperature"
2003-09-12,"Tici_temp",17.4564895629883,"Ticino","Mean temperature"
2003-09-13,"Tici_temp",16.8114356994629,"Ticino","Mean temperature"
2003-09-14,"Tici_temp",14.5848655700684,"Ticino","Mean temperature"
2003-09-15,"Tici_temp",15.1859149932861,"Ticino","Mean temperature"
2003-09-16,"Tici_temp",15.6125240325928,"Ticino","Mean temperature"
2003-09-17,"Tici_temp",15.7925319671631,"Ticino","Mean temperature"
2003-09-18,"Tici_temp",16.8995800018311,"Ticino","Mean temperature"
2003-09-19,"Tici_temp",17.4963893890381,"Ticino","Mean temperature"
2003-09-20,"Tici_temp",17.2487812042236,"Ticino","Mean temperature"
2003-09-21,"Tici_temp",17.3407497406006,"Ticino","Mean temperature"
2003-09-22,"Tici_temp",16.6447410583496,"Ticino","Mean temperature"
2003-09-23,"Tici_temp",14.4620122909546,"Ticino","Mean temperature"
2003-09-24,"Tici_temp",14.5864906311035,"Ticino","Mean temperature"
2003-09-25,"Tici_temp",13.501350402832,"Ticino","Mean temperature"
2003-09-26,"Tici_temp",11.8685741424561,"Ticino","Mean temperature"
2003-09-27,"Tici_temp",13.5321130752563,"Ticino","Mean temperature"
2003-09-28,"Tici_temp",12.5033559799194,"Ticino","Mean temperature"
2003-09-29,"Tici_temp",14.1997299194336,"Ticino","Mean temperature"
2003-09-30,"Tici_temp",11.3710889816284,"Ticino","Mean temperature"
2003-05-18,"Vala_temp",13.6621227264404,"Valais","Mean temperature"
2003-05-19,"Vala_temp",14.6307239532471,"Valais","Mean temperature"
2003-05-20,"Vala_temp",8.61198425292969,"Valais","Mean temperature"
2003-05-21,"Vala_temp",7.98060846328735,"Valais","Mean temperature"
2003-05-22,"Vala_temp",8.97216415405273,"Valais","Mean temperature"
2003-05-23,"Vala_temp",15.2246799468994,"Valais","Mean temperature"
2003-05-24,"Vala_temp",17.3341426849365,"Valais","Mean temperature"
2003-05-25,"Vala_temp",11.6681098937988,"Valais","Mean temperature"
2003-05-26,"Vala_temp",11.5811443328857,"Valais","Mean temperature"
2003-05-27,"Vala_temp",13.8055181503296,"Valais","Mean temperature"
2003-05-28,"Vala_temp",15.845344543457,"Valais","Mean temperature"
2003-05-29,"Vala_temp",14.3547630310059,"Valais","Mean temperature"
2003-05-30,"Vala_temp",17.0869750976562,"Valais","Mean temperature"
2003-05-31,"Vala_temp",18.8319835662842,"Valais","Mean temperature"
2003-06-01,"Vala_temp",18.6281051635742,"Valais","Mean temperature"
2003-06-02,"Vala_temp",17.3744888305664,"Valais","Mean temperature"
2003-06-03,"Vala_temp",17.9789543151855,"Valais","Mean temperature"
2003-06-04,"Vala_temp",18.9246387481689,"Valais","Mean temperature"
2003-06-05,"Vala_temp",19.9467716217041,"Valais","Mean temperature"
2003-06-06,"Vala_temp",18.8188362121582,"Valais","Mean temperature"
2003-06-07,"Vala_temp",19.7368450164795,"Valais","Mean temperature"
2003-06-08,"Vala_temp",18.391996383667,"Valais","Mean temperature"
2003-06-09,"Vala_temp",19.1598873138428,"Valais","Mean temperature"
2003-06-10,"Vala_temp",21.6978816986084,"Valais","Mean temperature"
2003-06-11,"Vala_temp",22.0529479980469,"Valais","Mean temperature"
2003-06-12,"Vala_temp",21.7478199005127,"Valais","Mean temperature"
2003-06-13,"Vala_temp",20.4277896881104,"Valais","Mean temperature"
2003-06-14,"Vala_temp",19.4360885620117,"Valais","Mean temperature"
2003-06-15,"Vala_temp",19.1847038269043,"Valais","Mean temperature"
2003-06-16,"Vala_temp",20.2611179351807,"Valais","Mean temperature"
2003-06-17,"Vala_temp",18.4341945648193,"Valais","Mean temperature"
2003-06-18,"Vala_temp",16.8142108917236,"Valais","Mean temperature"
2003-06-19,"Vala_temp",17.7992191314697,"Valais","Mean temperature"
2003-06-20,"Vala_temp",20.710111618042,"Valais","Mean temperature"
2003-06-21,"Vala_temp",21.0120449066162,"Valais","Mean temperature"
2003-06-22,"Vala_temp",22.4070377349854,"Valais","Mean temperature"
2003-06-23,"Vala_temp",23.9097461700439,"Valais","Mean temperature"
2003-06-24,"Vala_temp",22.1204051971436,"Valais","Mean temperature"
2003-06-25,"Vala_temp",22.8509826660156,"Valais","Mean temperature"
2003-06-26,"Vala_temp",20.2762432098389,"Valais","Mean temperature"
2003-06-27,"Vala_temp",20.5338535308838,"Valais","Mean temperature"
2003-06-28,"Vala_temp",18.3772106170654,"Valais","Mean temperature"
2003-06-29,"Vala_temp",20.0438499450684,"Valais","Mean temperature"
2003-06-30,"Vala_temp",22.3065528869629,"Valais","Mean temperature"
2003-07-01,"Vala_temp",14.8918857574463,"Valais","Mean temperature"
2003-07-02,"Vala_temp",14.8329238891602,"Valais","Mean temperature"
2003-07-03,"Vala_temp",14.8667240142822,"Valais","Mean temperature"
2003-07-04,"Vala_temp",13.0640773773193,"Valais","Mean temperature"
2003-07-05,"Vala_temp",15.0376472473145,"Valais","Mean temperature"
2003-07-06,"Vala_temp",16.9024620056152,"Valais","Mean temperature"
2003-07-07,"Vala_temp",18.4136390686035,"Valais","Mean temperature"
2003-07-08,"Vala_temp",19.3103408813477,"Valais","Mean temperature"
2003-07-09,"Vala_temp",18.4770793914795,"Valais","Mean temperature"
2003-07-10,"Vala_temp",19.8707904815674,"Valais","Mean temperature"
2003-07-11,"Vala_temp",20.4352588653564,"Valais","Mean temperature"
2003-07-12,"Vala_temp",21.19993019104,"Valais","Mean temperature"
2003-07-13,"Vala_temp",21.9043083190918,"Valais","Mean temperature"
2003-07-14,"Vala_temp",22.8854541778564,"Valais","Mean temperature"
2003-07-15,"Vala_temp",21.3249740600586,"Valais","Mean temperature"
2003-07-16,"Vala_temp",20.3458995819092,"Valais","Mean temperature"
2003-07-17,"Vala_temp",18.733642578125,"Valais","Mean temperature"
2003-07-18,"Vala_temp",19.1727657318115,"Valais","Mean temperature"
2003-07-19,"Vala_temp",21.297700881958,"Valais","Mean temperature"
2003-07-20,"Vala_temp",23.5235462188721,"Valais","Mean temperature"
2003-07-21,"Vala_temp",18.8583393096924,"Valais","Mean temperature"
2003-07-22,"Vala_temp",19.8726196289062,"Valais","Mean temperature"
2003-07-23,"Vala_temp",20.2647438049316,"Valais","Mean temperature"
2003-07-24,"Vala_temp",16.21435546875,"Valais","Mean temperature"
2003-07-25,"Vala_temp",18.7185859680176,"Valais","Mean temperature"
2003-07-26,"Vala_temp",21.1223831176758,"Valais","Mean temperature"
2003-07-27,"Vala_temp",19.6471900939941,"Valais","Mean temperature"
2003-07-28,"Vala_temp",16.7682933807373,"Valais","Mean temperature"
2003-07-29,"Vala_temp",16.9329071044922,"Valais","Mean temperature"
2003-07-30,"Vala_temp",17.7605152130127,"Valais","Mean temperature"
2003-07-31,"Vala_temp",14.7873935699463,"Valais","Mean temperature"
2003-08-01,"Vala_temp",17.9641780853271,"Valais","Mean temperature"
2003-08-02,"Vala_temp",21.0217514038086,"Valais","Mean temperature"
2003-08-03,"Vala_temp",23.2785129547119,"Valais","Mean temperature"
2003-08-04,"Vala_temp",24.3754367828369,"Valais","Mean temperature"
2003-08-05,"Vala_temp",23.0342082977295,"Valais","Mean temperature"
2003-08-06,"Vala_temp",22.997974395752,"Valais","Mean temperature"
2003-08-07,"Vala_temp",24.1689071655273,"Valais","Mean temperature"
2003-08-08,"Vala_temp",23.653247833252,"Valais","Mean temperature"
2003-08-09,"Vala_temp",23.6518363952637,"Valais","Mean temperature"
2003-08-10,"Vala_temp",24.1017837524414,"Valais","Mean temperature"
2003-08-11,"Vala_temp",23.8481597900391,"Valais","Mean temperature"
2003-08-12,"Vala_temp",23.713680267334,"Valais","Mean temperature"
2003-08-13,"Vala_temp",24.539119720459,"Valais","Mean temperature"
2003-08-14,"Vala_temp",20.7085037231445,"Valais","Mean temperature"
2003-08-15,"Vala_temp",16.3576965332031,"Valais","Mean temperature"
2003-08-16,"Vala_temp",19.3988876342773,"Valais","Mean temperature"
2003-08-17,"Vala_temp",19.5916042327881,"Valais","Mean temperature"
2003-08-18,"Vala_temp",16.5520095825195,"Valais","Mean temperature"
2003-08-19,"Vala_temp",18.4002418518066,"Valais","Mean temperature"
2003-08-20,"Vala_temp",19.0114250183105,"Valais","Mean temperature"
2003-08-21,"Vala_temp",17.3001499176025,"Valais","Mean temperature"
2003-08-22,"Vala_temp",18.9464168548584,"Valais","Mean temperature"
2003-08-23,"Vala_temp",20.5210056304932,"Valais","Mean temperature"
2003-08-24,"Vala_temp",19.2092952728271,"Valais","Mean temperature"
2003-08-25,"Vala_temp",18.2294807434082,"Valais","Mean temperature"
2003-08-26,"Vala_temp",18.9122104644775,"Valais","Mean temperature"
2003-08-27,"Vala_temp",19.7900924682617,"Valais","Mean temperature"
2003-08-28,"Vala_temp",21.0743236541748,"Valais","Mean temperature"
2003-08-29,"Vala_temp",14.7664852142334,"Valais","Mean temperature"
2003-08-30,"Vala_temp",14.4704418182373,"Valais","Mean temperature"
2003-08-31,"Vala_temp",11.7242012023926,"Valais","Mean temperature"
2003-09-01,"Vala_temp",10.5407867431641,"Valais","Mean temperature"
2003-09-02,"Vala_temp",11.2191429138184,"Valais","Mean temperature"
2003-09-03,"Vala_temp",12.260929107666,"Valais","Mean temperature"
2003-09-04,"Vala_temp",14.0571002960205,"Valais","Mean temperature"
2003-09-05,"Vala_temp",14.7257194519043,"Valais","Mean temperature"
2003-09-06,"Vala_temp",14.6257305145264,"Valais","Mean temperature"
2003-09-07,"Vala_temp",15.8061771392822,"Valais","Mean temperature"
2003-09-08,"Vala_temp",13.23659324646,"Valais","Mean temperature"
2003-09-09,"Vala_temp",11.6049633026123,"Valais","Mean temperature"
2003-09-10,"Vala_temp",12.7222003936768,"Valais","Mean temperature"
2003-09-11,"Vala_temp",12.4096698760986,"Valais","Mean temperature"
2003-09-12,"Vala_temp",12.6974964141846,"Valais","Mean temperature"
2003-09-13,"Vala_temp",11.7865886688232,"Valais","Mean temperature"
2003-09-14,"Vala_temp",12.1135654449463,"Valais","Mean temperature"
2003-09-15,"Vala_temp",13.3055114746094,"Valais","Mean temperature"
2003-09-16,"Vala_temp",14.8129215240479,"Valais","Mean temperature"
2003-09-17,"Vala_temp",15.5477619171143,"Valais","Mean temperature"
2003-09-18,"Vala_temp",16.5564670562744,"Valais","Mean temperature"
2003-09-19,"Vala_temp",17.7921657562256,"Valais","Mean temperature"
2003-09-20,"Vala_temp",17.9668388366699,"Valais","Mean temperature"
2003-09-21,"Vala_temp",17.0146465301514,"Valais","Mean temperature"
2003-09-22,"Vala_temp",17.0801448822021,"Valais","Mean temperature"
2003-09-23,"Vala_temp",13.5788822174072,"Valais","Mean temperature"
2003-09-24,"Vala_temp",10.553409576416,"Valais","Mean temperature"
2003-09-25,"Vala_temp",12.3699779510498,"Valais","Mean temperature"
2003-09-26,"Vala_temp",13.3018684387207,"Valais","Mean temperature"
2003-09-27,"Vala_temp",13.9237518310547,"Valais","Mean temperature"
2003-09-28,"Vala_temp",12.2704486846924,"Valais","Mean temperature"
2003-09-29,"Vala_temp",10.7596836090088,"Valais","Mean temperature"
2003-09-30,"Vala_temp",11.5493717193604,"Valais","Mean temperature"
2003-05-18,"Zurch_temp",14.930027961731,"Zurich","Mean temperature"
2003-05-19,"Zurch_temp",16.191089630127,"Zurich","Mean temperature"
2003-05-20,"Zurch_temp",10.041051864624,"Zurich","Mean temperature"
2003-05-21,"Zurch_temp",9.02206611633301,"Zurich","Mean temperature"
2003-05-22,"Zurch_temp",9.48338603973389,"Zurich","Mean temperature"
2003-05-23,"Zurch_temp",16.6019840240479,"Zurich","Mean temperature"
2003-05-24,"Zurch_temp",19.5007286071777,"Zurich","Mean temperature"
2003-05-25,"Zurch_temp",11.7793397903442,"Zurich","Mean temperature"
2003-05-26,"Zurch_temp",12.2453479766846,"Zurich","Mean temperature"
2003-05-27,"Zurch_temp",14.973653793335,"Zurich","Mean temperature"
2003-05-28,"Zurch_temp",16.6268310546875,"Zurich","Mean temperature"
2003-05-29,"Zurch_temp",16.9660663604736,"Zurich","Mean temperature"
2003-05-30,"Zurch_temp",18.6759624481201,"Zurich","Mean temperature"
2003-05-31,"Zurch_temp",20.5934181213379,"Zurich","Mean temperature"
2003-06-01,"Zurch_temp",20.4469604492188,"Zurich","Mean temperature"
2003-06-02,"Zurch_temp",19.2623138427734,"Zurich","Mean temperature"
2003-06-03,"Zurch_temp",20.7900485992432,"Zurich","Mean temperature"
2003-06-04,"Zurch_temp",22.9899368286133,"Zurich","Mean temperature"
2003-06-05,"Zurch_temp",22.3776607513428,"Zurich","Mean temperature"
2003-06-06,"Zurch_temp",20.5897445678711,"Zurich","Mean temperature"
2003-06-07,"Zurch_temp",21.6914138793945,"Zurich","Mean temperature"
2003-06-08,"Zurch_temp",21.5147190093994,"Zurich","Mean temperature"
2003-06-09,"Zurch_temp",21.0300636291504,"Zurich","Mean temperature"
2003-06-10,"Zurch_temp",23.690601348877,"Zurich","Mean temperature"
2003-06-11,"Zurch_temp",24.2937088012695,"Zurich","Mean temperature"
2003-06-12,"Zurch_temp",24.8500099182129,"Zurich","Mean temperature"
2003-06-13,"Zurch_temp",22.0866355895996,"Zurich","Mean temperature"
2003-06-14,"Zurch_temp",22.6095485687256,"Zurich","Mean temperature"
2003-06-15,"Zurch_temp",21.8694343566895,"Zurich","Mean temperature"
2003-06-16,"Zurch_temp",22.0483989715576,"Zurich","Mean temperature"
2003-06-17,"Zurch_temp",21.5303821563721,"Zurich","Mean temperature"
2003-06-18,"Zurch_temp",19.3405647277832,"Zurich","Mean temperature"
2003-06-19,"Zurch_temp",20.0500640869141,"Zurich","Mean temperature"
2003-06-20,"Zurch_temp",22.0352973937988,"Zurich","Mean temperature"
2003-06-21,"Zurch_temp",20.6732997894287,"Zurich","Mean temperature"
2003-06-22,"Zurch_temp",22.2195777893066,"Zurich","Mean temperature"
2003-06-23,"Zurch_temp",26.1261558532715,"Zurich","Mean temperature"
2003-06-24,"Zurch_temp",25.4552669525146,"Zurich","Mean temperature"
2003-06-25,"Zurch_temp",24.5718803405762,"Zurich","Mean temperature"
2003-06-26,"Zurch_temp",21.7018260955811,"Zurich","Mean temperature"
2003-06-27,"Zurch_temp",21.4106636047363,"Zurich","Mean temperature"
2003-06-28,"Zurch_temp",21.128345489502,"Zurich","Mean temperature"
2003-06-29,"Zurch_temp",22.6957130432129,"Zurich","Mean temperature"
2003-06-30,"Zurch_temp",25.1227073669434,"Zurich","Mean temperature"
2003-07-01,"Zurch_temp",14.9185981750488,"Zurich","Mean temperature"
2003-07-02,"Zurch_temp",17.2849273681641,"Zurich","Mean temperature"
2003-07-03,"Zurch_temp",15.6610975265503,"Zurich","Mean temperature"
2003-07-04,"Zurch_temp",13.8041915893555,"Zurich","Mean temperature"
2003-07-05,"Zurch_temp",15.7505712509155,"Zurich","Mean temperature"
2003-07-06,"Zurch_temp",17.9699859619141,"Zurich","Mean temperature"
2003-07-07,"Zurch_temp",19.5923671722412,"Zurich","Mean temperature"
2003-07-08,"Zurch_temp",20.6127910614014,"Zurich","Mean temperature"
2003-07-09,"Zurch_temp",20.4643478393555,"Zurich","Mean temperature"
2003-07-10,"Zurch_temp",21.1384792327881,"Zurich","Mean temperature"
2003-07-11,"Zurch_temp",22.0238189697266,"Zurich","Mean temperature"
2003-07-12,"Zurch_temp",22.8097019195557,"Zurich","Mean temperature"
2003-07-13,"Zurch_temp",21.7031669616699,"Zurich","Mean temperature"
2003-07-14,"Zurch_temp",21.706714630127,"Zurich","Mean temperature"
2003-07-15,"Zurch_temp",23.7248649597168,"Zurich","Mean temperature"
2003-07-16,"Zurch_temp",22.5286102294922,"Zurich","Mean temperature"
2003-07-17,"Zurch_temp",17.7656879425049,"Zurich","Mean temperature"
2003-07-18,"Zurch_temp",19.6202087402344,"Zurich","Mean temperature"
2003-07-19,"Zurch_temp",21.7694873809814,"Zurich","Mean temperature"
2003-07-20,"Zurch_temp",24.9857196807861,"Zurich","Mean temperature"
2003-07-21,"Zurch_temp",21.1244316101074,"Zurich","Mean temperature"
2003-07-22,"Zurch_temp",22.511157989502,"Zurich","Mean temperature"
2003-07-23,"Zurch_temp",21.0675106048584,"Zurich","Mean temperature"
2003-07-24,"Zurch_temp",17.1949768066406,"Zurich","Mean temperature"
2003-07-25,"Zurch_temp",19.7608413696289,"Zurich","Mean temperature"
2003-07-26,"Zurch_temp",22.7331466674805,"Zurich","Mean temperature"
2003-07-27,"Zurch_temp",21.0789375305176,"Zurich","Mean temperature"
2003-07-28,"Zurch_temp",17.58740234375,"Zurich","Mean temperature"
2003-07-29,"Zurch_temp",18.0542411804199,"Zurich","Mean temperature"
2003-07-30,"Zurch_temp",18.8093967437744,"Zurich","Mean temperature"
2003-07-31,"Zurch_temp",17.2871341705322,"Zurich","Mean temperature"
2003-08-01,"Zurch_temp",20.2897243499756,"Zurich","Mean temperature"
2003-08-02,"Zurch_temp",22.1960411071777,"Zurich","Mean temperature"
2003-08-03,"Zurch_temp",24.1931037902832,"Zurich","Mean temperature"
2003-08-04,"Zurch_temp",25.3319778442383,"Zurich","Mean temperature"
2003-08-05,"Zurch_temp",26.0329780578613,"Zurich","Mean temperature"
2003-08-06,"Zurch_temp",25.8588199615479,"Zurich","Mean temperature"
2003-08-07,"Zurch_temp",25.9275398254395,"Zurich","Mean temperature"
2003-08-08,"Zurch_temp",25.7641067504883,"Zurich","Mean temperature"
2003-08-09,"Zurch_temp",25.622688293457,"Zurich","Mean temperature"
2003-08-10,"Zurch_temp",26.2730331420898,"Zurich","Mean temperature"
2003-08-11,"Zurch_temp",25.7001953125,"Zurich","Mean temperature"
2003-08-12,"Zurch_temp",25.4582901000977,"Zurich","Mean temperature"
2003-08-13,"Zurch_temp",26.8693656921387,"Zurich","Mean temperature"
2003-08-14,"Zurch_temp",23.2296371459961,"Zurich","Mean temperature"
2003-08-15,"Zurch_temp",20.7741794586182,"Zurich","Mean temperature"
2003-08-16,"Zurch_temp",22.1788482666016,"Zurich","Mean temperature"
2003-08-17,"Zurch_temp",23.3742389678955,"Zurich","Mean temperature"
2003-08-18,"Zurch_temp",18.9004688262939,"Zurich","Mean temperature"
2003-08-19,"Zurch_temp",21.1105041503906,"Zurich","Mean temperature"
2003-08-20,"Zurch_temp",20.9799766540527,"Zurich","Mean temperature"
2003-08-21,"Zurch_temp",21.3929119110107,"Zurich","Mean temperature"
2003-08-22,"Zurch_temp",21.4936275482178,"Zurich","Mean temperature"
2003-08-23,"Zurch_temp",21.688663482666,"Zurich","Mean temperature"
2003-08-24,"Zurch_temp",21.518180847168,"Zurich","Mean temperature"
2003-08-25,"Zurch_temp",20.7824230194092,"Zurich","Mean temperature"
2003-08-26,"Zurch_temp",21.6312103271484,"Zurich","Mean temperature"
2003-08-27,"Zurch_temp",21.5184154510498,"Zurich","Mean temperature"
2003-08-28,"Zurch_temp",21.0446147918701,"Zurich","Mean temperature"
2003-08-29,"Zurch_temp",17.5416965484619,"Zurich","Mean temperature"
2003-08-30,"Zurch_temp",15.7193965911865,"Zurich","Mean temperature"
2003-08-31,"Zurch_temp",12.6761245727539,"Zurich","Mean temperature"
2003-09-01,"Zurch_temp",11.8614482879639,"Zurich","Mean temperature"
2003-09-02,"Zurch_temp",12.3430624008179,"Zurich","Mean temperature"
2003-09-03,"Zurch_temp",12.3182029724121,"Zurich","Mean temperature"
2003-09-04,"Zurch_temp",13.6679353713989,"Zurich","Mean temperature"
2003-09-05,"Zurch_temp",16.0224723815918,"Zurich","Mean temperature"
2003-09-06,"Zurch_temp",16.4640140533447,"Zurich","Mean temperature"
2003-09-07,"Zurch_temp",17.5083160400391,"Zurich","Mean temperature"
2003-09-08,"Zurch_temp",14.6245193481445,"Zurich","Mean temperature"
2003-09-09,"Zurch_temp",14.4201602935791,"Zurich","Mean temperature"
2003-09-10,"Zurch_temp",14.5210571289062,"Zurich","Mean temperature"
2003-09-11,"Zurch_temp",13.5131435394287,"Zurich","Mean temperature"
2003-09-12,"Zurch_temp",13.717866897583,"Zurich","Mean temperature"
2003-09-13,"Zurch_temp",13.6857261657715,"Zurich","Mean temperature"
2003-09-14,"Zurch_temp",12.7786054611206,"Zurich","Mean temperature"
2003-09-15,"Zurch_temp",12.5588932037354,"Zurich","Mean temperature"
2003-09-16,"Zurch_temp",14.4671545028687,"Zurich","Mean temperature"
2003-09-17,"Zurch_temp",15.2047443389893,"Zurich","Mean temperature"
2003-09-18,"Zurch_temp",16.5288333892822,"Zurich","Mean temperature"
2003-09-19,"Zurch_temp",17.8152008056641,"Zurich","Mean temperature"
2003-09-20,"Zurch_temp",18.6755771636963,"Zurich","Mean temperature"
2003-09-21,"Zurch_temp",18.8693027496338,"Zurich","Mean temperature"
2003-09-22,"Zurch_temp",18.5544738769531,"Zurich","Mean temperature"
2003-09-23,"Zurch_temp",13.9537420272827,"Zurich","Mean temperature"
2003-09-24,"Zurch_temp",10.4073457717896,"Zurich","Mean temperature"
2003-09-25,"Zurch_temp",10.2508296966553,"Zurich","Mean temperature"
2003-09-26,"Zurch_temp",14.3811092376709,"Zurich","Mean temperature"
2003-09-27,"Zurch_temp",15.4004793167114,"Zurich","Mean temperature"
2003-09-28,"Zurch_temp",14.4905662536621,"Zurich","Mean temperature"
2003-09-29,"Zurch_temp",11.133846282959,"Zurich","Mean temperature"
2003-09-30,"Zurch_temp",10.2117948532104,"Zurich","Mean temperature"
2003-05-18,"Tici_txxx",20.3593769073486,"Ticino","Maximum temperature"
2003-05-19,"Tici_txxx",22.8021450042725,"Ticino","Maximum temperature"
2003-05-20,"Tici_txxx",15.1198778152466,"Ticino","Maximum temperature"
2003-05-21,"Tici_txxx",14.2241506576538,"Ticino","Maximum temperature"
2003-05-22,"Tici_txxx",15.1511297225952,"Ticino","Maximum temperature"
2003-05-23,"Tici_txxx",23.9046230316162,"Ticino","Maximum temperature"
2003-05-24,"Tici_txxx",23.2248954772949,"Ticino","Maximum temperature"
2003-05-25,"Tici_txxx",18.136287689209,"Ticino","Maximum temperature"
2003-05-26,"Tici_txxx",17.8161544799805,"Ticino","Maximum temperature"
2003-05-27,"Tici_txxx",21.5926952362061,"Ticino","Maximum temperature"
2003-05-28,"Tici_txxx",21.8545436859131,"Ticino","Maximum temperature"
2003-05-29,"Tici_txxx",21.7403869628906,"Ticino","Maximum temperature"
2003-05-30,"Tici_txxx",23.9037609100342,"Ticino","Maximum temperature"
2003-05-31,"Tici_txxx",26.3321552276611,"Ticino","Maximum temperature"
2003-06-01,"Tici_txxx",26.4507999420166,"Ticino","Maximum temperature"
2003-06-02,"Tici_txxx",24.6479892730713,"Ticino","Maximum temperature"
2003-06-03,"Tici_txxx",25.0046081542969,"Ticino","Maximum temperature"
2003-06-04,"Tici_txxx",26.2087230682373,"Ticino","Maximum temperature"
2003-06-05,"Tici_txxx",25.5631141662598,"Ticino","Maximum temperature"
2003-06-06,"Tici_txxx",25.6481628417969,"Ticino","Maximum temperature"
2003-06-07,"Tici_txxx",26.9902248382568,"Ticino","Maximum temperature"
2003-06-08,"Tici_txxx",24.7186470031738,"Ticino","Maximum temperature"
2003-06-09,"Tici_txxx",26.8259181976318,"Ticino","Maximum temperature"
2003-06-10,"Tici_txxx",29.0565071105957,"Ticino","Maximum temperature"
2003-06-11,"Tici_txxx",30.0507488250732,"Ticino","Maximum temperature"
2003-06-12,"Tici_txxx",30.6531753540039,"Ticino","Maximum temperature"
2003-06-13,"Tici_txxx",30.1122779846191,"Ticino","Maximum temperature"
2003-06-14,"Tici_txxx",29.8369159698486,"Ticino","Maximum temperature"
2003-06-15,"Tici_txxx",28.6523990631104,"Ticino","Maximum temperature"
2003-06-16,"Tici_txxx",28.4445133209229,"Ticino","Maximum temperature"
2003-06-17,"Tici_txxx",25.273551940918,"Ticino","Maximum temperature"
2003-06-18,"Tici_txxx",24.5730056762695,"Ticino","Maximum temperature"
2003-06-19,"Tici_txxx",26.3547821044922,"Ticino","Maximum temperature"
2003-06-20,"Tici_txxx",28.9104499816895,"Ticino","Maximum temperature"
2003-06-21,"Tici_txxx",28.7856712341309,"Ticino","Maximum temperature"
2003-06-22,"Tici_txxx",30.3540687561035,"Ticino","Maximum temperature"
2003-06-23,"Tici_txxx",31.0461483001709,"Ticino","Maximum temperature"
2003-06-24,"Tici_txxx",29.7766265869141,"Ticino","Maximum temperature"
2003-06-25,"Tici_txxx",30.8495025634766,"Ticino","Maximum temperature"
2003-06-26,"Tici_txxx",29.6420936584473,"Ticino","Maximum temperature"
2003-06-27,"Tici_txxx",28.2743530273438,"Ticino","Maximum temperature"
2003-06-28,"Tici_txxx",25.3175296783447,"Ticino","Maximum temperature"
2003-06-29,"Tici_txxx",27.975040435791,"Ticino","Maximum temperature"
2003-06-30,"Tici_txxx",28.8957481384277,"Ticino","Maximum temperature"
2003-07-01,"Tici_txxx",19.0549335479736,"Ticino","Maximum temperature"
2003-07-02,"Tici_txxx",22.1776523590088,"Ticino","Maximum temperature"
2003-07-03,"Tici_txxx",21.2041778564453,"Ticino","Maximum temperature"
2003-07-04,"Tici_txxx",19.2695560455322,"Ticino","Maximum temperature"
2003-07-05,"Tici_txxx",22.0342330932617,"Ticino","Maximum temperature"
2003-07-06,"Tici_txxx",24.3999614715576,"Ticino","Maximum temperature"
2003-07-07,"Tici_txxx",26.5875759124756,"Ticino","Maximum temperature"
2003-07-08,"Tici_txxx",27.0347652435303,"Ticino","Maximum temperature"
2003-07-09,"Tici_txxx",26.0935554504395,"Ticino","Maximum temperature"
2003-07-10,"Tici_txxx",28.1665115356445,"Ticino","Maximum temperature"
2003-07-11,"Tici_txxx",28.8878288269043,"Ticino","Maximum temperature"
2003-07-12,"Tici_txxx",29.1339797973633,"Ticino","Maximum temperature"
2003-07-13,"Tici_txxx",29.8863849639893,"Ticino","Maximum temperature"
2003-07-14,"Tici_txxx",26.3328704833984,"Ticino","Maximum temperature"
2003-07-15,"Tici_txxx",29.3697738647461,"Ticino","Maximum temperature"
2003-07-16,"Tici_txxx",29.4645862579346,"Ticino","Maximum temperature"
2003-07-17,"Tici_txxx",23.1165637969971,"Ticino","Maximum temperature"
2003-07-18,"Tici_txxx",27.4089202880859,"Ticino","Maximum temperature"
2003-07-19,"Tici_txxx",29.3054218292236,"Ticino","Maximum temperature"
2003-07-20,"Tici_txxx",31.1924285888672,"Ticino","Maximum temperature"
2003-07-21,"Tici_txxx",24.9177932739258,"Ticino","Maximum temperature"
2003-07-22,"Tici_txxx",28.0959033966064,"Ticino","Maximum temperature"
2003-07-23,"Tici_txxx",27.426586151123,"Ticino","Maximum temperature"
2003-07-24,"Tici_txxx",20.1365909576416,"Ticino","Maximum temperature"
2003-07-25,"Tici_txxx",25.9626636505127,"Ticino","Maximum temperature"
2003-07-26,"Tici_txxx",27.4163360595703,"Ticino","Maximum temperature"
2003-07-27,"Tici_txxx",25.9995079040527,"Ticino","Maximum temperature"
2003-07-28,"Tici_txxx",22.8296928405762,"Ticino","Maximum temperature"
2003-07-29,"Tici_txxx",23.6703357696533,"Ticino","Maximum temperature"
2003-07-30,"Tici_txxx",25.774263381958,"Ticino","Maximum temperature"
2003-07-31,"Tici_txxx",21.2576942443848,"Ticino","Maximum temperature"
2003-08-01,"Tici_txxx",27.1333847045898,"Ticino","Maximum temperature"
2003-08-02,"Tici_txxx",28.3255805969238,"Ticino","Maximum temperature"
2003-08-03,"Tici_txxx",30.4504795074463,"Ticino","Maximum temperature"
2003-08-04,"Tici_txxx",31.5440788269043,"Ticino","Maximum temperature"
2003-08-05,"Tici_txxx",32.4258270263672,"Ticino","Maximum temperature"
2003-08-06,"Tici_txxx",32.8258895874023,"Ticino","Maximum temperature"
2003-08-07,"Tici_txxx",32.8617668151855,"Ticino","Maximum temperature"
2003-08-08,"Tici_txxx",32.1700820922852,"Ticino","Maximum temperature"
2003-08-09,"Tici_txxx",32.9059219360352,"Ticino","Maximum temperature"
2003-08-10,"Tici_txxx",33.4096069335938,"Ticino","Maximum temperature"
2003-08-11,"Tici_txxx",33.8429145812988,"Ticino","Maximum temperature"
2003-08-12,"Tici_txxx",33.4371643066406,"Ticino","Maximum temperature"
2003-08-13,"Tici_txxx",34.4919509887695,"Ticino","Maximum temperature"
2003-08-14,"Tici_txxx",28.3210582733154,"Ticino","Maximum temperature"
2003-08-15,"Tici_txxx",25.2309646606445,"Ticino","Maximum temperature"
2003-08-16,"Tici_txxx",28.9071769714355,"Ticino","Maximum temperature"
2003-08-17,"Tici_txxx",27.2171039581299,"Ticino","Maximum temperature"
2003-08-18,"Tici_txxx",22.2838134765625,"Ticino","Maximum temperature"
2003-08-19,"Tici_txxx",27.4132308959961,"Ticino","Maximum temperature"
2003-08-20,"Tici_txxx",27.0911998748779,"Ticino","Maximum temperature"
2003-08-21,"Tici_txxx",24.6911964416504,"Ticino","Maximum temperature"
2003-08-22,"Tici_txxx",27.6982898712158,"Ticino","Maximum temperature"
2003-08-23,"Tici_txxx",29.012580871582,"Ticino","Maximum temperature"
2003-08-24,"Tici_txxx",28.3159198760986,"Ticino","Maximum temperature"
2003-08-25,"Tici_txxx",27.6784725189209,"Ticino","Maximum temperature"
2003-08-26,"Tici_txxx",27.9563980102539,"Ticino","Maximum temperature"
2003-08-27,"Tici_txxx",28.3915119171143,"Ticino","Maximum temperature"
2003-08-28,"Tici_txxx",27.1133346557617,"Ticino","Maximum temperature"
2003-08-29,"Tici_txxx",19.4197692871094,"Ticino","Maximum temperature"
2003-08-30,"Tici_txxx",21.8782749176025,"Ticino","Maximum temperature"
2003-08-31,"Tici_txxx",18.0429267883301,"Ticino","Maximum temperature"
2003-09-01,"Tici_txxx",16.8825092315674,"Ticino","Maximum temperature"
2003-09-02,"Tici_txxx",18.8809928894043,"Ticino","Maximum temperature"
2003-09-03,"Tici_txxx",18.6128044128418,"Ticino","Maximum temperature"
2003-09-04,"Tici_txxx",21.3964653015137,"Ticino","Maximum temperature"
2003-09-05,"Tici_txxx",21.070707321167,"Ticino","Maximum temperature"
2003-09-06,"Tici_txxx",21.0054130554199,"Ticino","Maximum temperature"
2003-09-07,"Tici_txxx",19.4591102600098,"Ticino","Maximum temperature"
2003-09-08,"Tici_txxx",16.5981178283691,"Ticino","Maximum temperature"
2003-09-09,"Tici_txxx",15.3983774185181,"Ticino","Maximum temperature"
2003-09-10,"Tici_txxx",18.8349189758301,"Ticino","Maximum temperature"
2003-09-11,"Tici_txxx",17.5857791900635,"Ticino","Maximum temperature"
2003-09-12,"Tici_txxx",19.2808036804199,"Ticino","Maximum temperature"
2003-09-13,"Tici_txxx",19.6410102844238,"Ticino","Maximum temperature"
2003-09-14,"Tici_txxx",19.5379371643066,"Ticino","Maximum temperature"
2003-09-15,"Tici_txxx",20.2366962432861,"Ticino","Maximum temperature"
2003-09-16,"Tici_txxx",22.4018383026123,"Ticino","Maximum temperature"
2003-09-17,"Tici_txxx",22.5275039672852,"Ticino","Maximum temperature"
2003-09-18,"Tici_txxx",24.1291351318359,"Ticino","Maximum temperature"
2003-09-19,"Tici_txxx",25.2876644134521,"Ticino","Maximum temperature"
2003-09-20,"Tici_txxx",25.2724571228027,"Ticino","Maximum temperature"
2003-09-21,"Tici_txxx",24.7870483398438,"Ticino","Maximum temperature"
2003-09-22,"Tici_txxx",22.7237358093262,"Ticino","Maximum temperature"
2003-09-23,"Tici_txxx",15.9885349273682,"Ticino","Maximum temperature"
2003-09-24,"Tici_txxx",16.1534805297852,"Ticino","Maximum temperature"
2003-09-25,"Tici_txxx",17.8738269805908,"Ticino","Maximum temperature"
2003-09-26,"Tici_txxx",19.7596549987793,"Ticino","Maximum temperature"
2003-09-27,"Tici_txxx",19.583984375,"Ticino","Maximum temperature"
2003-09-28,"Tici_txxx",16.6985912322998,"Ticino","Maximum temperature"
2003-09-29,"Tici_txxx",16.653564453125,"Ticino","Maximum temperature"
2003-09-30,"Tici_txxx",14.5064601898193,"Ticino","Maximum temperature"
2003-05-18,"Vala_txxx",19.9869117736816,"Valais","Maximum temperature"
2003-05-19,"Vala_txxx",22.0492515563965,"Valais","Maximum temperature"
2003-05-20,"Vala_txxx",12.2055435180664,"Valais","Maximum temperature"
2003-05-21,"Vala_txxx",10.9272365570068,"Valais","Maximum temperature"
2003-05-22,"Vala_txxx",11.6044778823853,"Valais","Maximum temperature"
2003-05-23,"Vala_txxx",23.3273639678955,"Valais","Maximum temperature"
2003-05-24,"Vala_txxx",22.1059970855713,"Valais","Maximum temperature"
2003-05-25,"Vala_txxx",15.2330474853516,"Valais","Maximum temperature"
2003-05-26,"Vala_txxx",15.0271244049072,"Valais","Maximum temperature"
2003-05-27,"Vala_txxx",18.6653995513916,"Valais","Maximum temperature"
2003-05-28,"Vala_txxx",21.5924854278564,"Valais","Maximum temperature"
2003-05-29,"Vala_txxx",20.8378429412842,"Valais","Maximum temperature"
2003-05-30,"Vala_txxx",23.9159107208252,"Valais","Maximum temperature"
2003-05-31,"Vala_txxx",25.4855346679688,"Valais","Maximum temperature"
2003-06-01,"Vala_txxx",26.155294418335,"Valais","Maximum temperature"
2003-06-02,"Vala_txxx",24.563720703125,"Valais","Maximum temperature"
2003-06-03,"Vala_txxx",24.5105133056641,"Valais","Maximum temperature"
2003-06-04,"Vala_txxx",25.0298194885254,"Valais","Maximum temperature"
2003-06-05,"Vala_txxx",25.5794372558594,"Valais","Maximum temperature"
2003-06-06,"Vala_txxx",23.8260650634766,"Valais","Maximum temperature"
2003-06-07,"Vala_txxx",26.6248111724854,"Valais","Maximum temperature"
2003-06-08,"Vala_txxx",24.8745079040527,"Valais","Maximum temperature"
2003-06-09,"Vala_txxx",25.4705410003662,"Valais","Maximum temperature"
2003-06-10,"Vala_txxx",28.2031002044678,"Valais","Maximum temperature"
2003-06-11,"Vala_txxx",28.9883460998535,"Valais","Maximum temperature"
2003-06-12,"Vala_txxx",29.3797435760498,"Valais","Maximum temperature"
2003-06-13,"Vala_txxx",27.2783184051514,"Valais","Maximum temperature"
2003-06-14,"Vala_txxx",27.1393623352051,"Valais","Maximum temperature"
2003-06-15,"Vala_txxx",25.214542388916,"Valais","Maximum temperature"
2003-06-16,"Vala_txxx",26.5628509521484,"Valais","Maximum temperature"
2003-06-17,"Vala_txxx",25.4286231994629,"Valais","Maximum temperature"
2003-06-18,"Vala_txxx",20.6304264068604,"Valais","Maximum temperature"
2003-06-19,"Vala_txxx",24.172758102417,"Valais","Maximum temperature"
2003-06-20,"Vala_txxx",26.3110523223877,"Valais","Maximum temperature"
2003-06-21,"Vala_txxx",26.7131099700928,"Valais","Maximum temperature"
2003-06-22,"Vala_txxx",30.0028858184814,"Valais","Maximum temperature"
2003-06-23,"Vala_txxx",30.685094833374,"Valais","Maximum temperature"
2003-06-24,"Vala_txxx",28.8243503570557,"Valais","Maximum temperature"
2003-06-25,"Vala_txxx",29.3857936859131,"Valais","Maximum temperature"
2003-06-26,"Vala_txxx",25.9134635925293,"Valais","Maximum temperature"
2003-06-27,"Vala_txxx",25.9851951599121,"Valais","Maximum temperature"
2003-06-28,"Vala_txxx",23.3478355407715,"Valais","Maximum temperature"
2003-06-29,"Vala_txxx",27.3715991973877,"Valais","Maximum temperature"
2003-06-30,"Vala_txxx",28.2280101776123,"Valais","Maximum temperature"
2003-07-01,"Vala_txxx",17.6325626373291,"Valais","Maximum temperature"
2003-07-02,"Vala_txxx",19.3625259399414,"Valais","Maximum temperature"
2003-07-03,"Vala_txxx",18.9235591888428,"Valais","Maximum temperature"
2003-07-04,"Vala_txxx",15.7513332366943,"Valais","Maximum temperature"
2003-07-05,"Vala_txxx",19.8722763061523,"Valais","Maximum temperature"
2003-07-06,"Vala_txxx",23.1186256408691,"Valais","Maximum temperature"
2003-07-07,"Vala_txxx",24.5696907043457,"Valais","Maximum temperature"
2003-07-08,"Vala_txxx",25.2772808074951,"Valais","Maximum temperature"
2003-07-09,"Vala_txxx",24.6297988891602,"Valais","Maximum temperature"
2003-07-10,"Vala_txxx",26.6183223724365,"Valais","Maximum temperature"
2003-07-11,"Vala_txxx",26.9214134216309,"Valais","Maximum temperature"
2003-07-12,"Vala_txxx",27.7759265899658,"Valais","Maximum temperature"
2003-07-13,"Vala_txxx",28.4847755432129,"Valais","Maximum temperature"
2003-07-14,"Vala_txxx",29.8030815124512,"Valais","Maximum temperature"
2003-07-15,"Vala_txxx",29.7553195953369,"Valais","Maximum temperature"
2003-07-16,"Vala_txxx",28.1850662231445,"Valais","Maximum temperature"
2003-07-17,"Vala_txxx",22.2846965789795,"Valais","Maximum temperature"
2003-07-18,"Vala_txxx",25.7275314331055,"Valais","Maximum temperature"
2003-07-19,"Vala_txxx",28.2867164611816,"Valais","Maximum temperature"
2003-07-20,"Vala_txxx",30.1866493225098,"Valais","Maximum temperature"
2003-07-21,"Vala_txxx",22.6669273376465,"Valais","Maximum temperature"
2003-07-22,"Vala_txxx",26.5053482055664,"Valais","Maximum temperature"
2003-07-23,"Vala_txxx",25.7323036193848,"Valais","Maximum temperature"
2003-07-24,"Vala_txxx",18.4854373931885,"Valais","Maximum temperature"
2003-07-25,"Vala_txxx",24.6696662902832,"Valais","Maximum temperature"
2003-07-26,"Vala_txxx",26.2467021942139,"Valais","Maximum temperature"
2003-07-27,"Vala_txxx",25.513256072998,"Valais","Maximum temperature"
2003-07-28,"Vala_txxx",20.5638027191162,"Valais","Maximum temperature"
2003-07-29,"Vala_txxx",22.1948070526123,"Valais","Maximum temperature"
2003-07-30,"Vala_txxx",23.9489479064941,"Valais","Maximum temperature"
2003-07-31,"Vala_txxx",19.7070159912109,"Valais","Maximum temperature"
2003-08-01,"Vala_txxx",24.8525447845459,"Valais","Maximum temperature"
2003-08-02,"Vala_txxx",27.5128746032715,"Valais","Maximum temperature"
2003-08-03,"Vala_txxx",29.561393737793,"Valais","Maximum temperature"
2003-08-04,"Vala_txxx",31.1245269775391,"Valais","Maximum temperature"
2003-08-05,"Vala_txxx",30.7075996398926,"Valais","Maximum temperature"
2003-08-06,"Vala_txxx",30.5790843963623,"Valais","Maximum temperature"
2003-08-07,"Vala_txxx",31.8593482971191,"Valais","Maximum temperature"
2003-08-08,"Vala_txxx",31.2627639770508,"Valais","Maximum temperature"
2003-08-09,"Vala_txxx",31.2831115722656,"Valais","Maximum temperature"
2003-08-10,"Vala_txxx",31.4533519744873,"Valais","Maximum temperature"
2003-08-11,"Vala_txxx",30.8840160369873,"Valais","Maximum temperature"
2003-08-12,"Vala_txxx",31.787618637085,"Valais","Maximum temperature"
2003-08-13,"Vala_txxx",32.3662643432617,"Valais","Maximum temperature"
2003-08-14,"Vala_txxx",25.7434272766113,"Valais","Maximum temperature"
2003-08-15,"Vala_txxx",20.4155883789062,"Valais","Maximum temperature"
2003-08-16,"Vala_txxx",27.0501289367676,"Valais","Maximum temperature"
2003-08-17,"Vala_txxx",26.5649280548096,"Valais","Maximum temperature"
2003-08-18,"Vala_txxx",20.5753784179688,"Valais","Maximum temperature"
2003-08-19,"Vala_txxx",24.8412380218506,"Valais","Maximum temperature"
2003-08-20,"Vala_txxx",25.8872127532959,"Valais","Maximum temperature"
2003-08-21,"Vala_txxx",22.597339630127,"Valais","Maximum temperature"
2003-08-22,"Vala_txxx",25.5256519317627,"Valais","Maximum temperature"
2003-08-23,"Vala_txxx",26.9467258453369,"Valais","Maximum temperature"
2003-08-24,"Vala_txxx",25.021598815918,"Valais","Maximum temperature"
2003-08-25,"Vala_txxx",26.328275680542,"Valais","Maximum temperature"
2003-08-26,"Vala_txxx",25.5940818786621,"Valais","Maximum temperature"
2003-08-27,"Vala_txxx",26.5183792114258,"Valais","Maximum temperature"
2003-08-28,"Vala_txxx",25.9862899780273,"Valais","Maximum temperature"
2003-08-29,"Vala_txxx",17.2796688079834,"Valais","Maximum temperature"
2003-08-30,"Vala_txxx",18.0106754302979,"Valais","Maximum temperature"
2003-08-31,"Vala_txxx",14.6135997772217,"Valais","Maximum temperature"
2003-09-01,"Vala_txxx",15.5735235214233,"Valais","Maximum temperature"
2003-09-02,"Vala_txxx",16.5842704772949,"Valais","Maximum temperature"
2003-09-03,"Vala_txxx",18.0969486236572,"Valais","Maximum temperature"
2003-09-04,"Vala_txxx",20.8895683288574,"Valais","Maximum temperature"
2003-09-05,"Vala_txxx",19.3346290588379,"Valais","Maximum temperature"
2003-09-06,"Vala_txxx",18.5973815917969,"Valais","Maximum temperature"
2003-09-07,"Vala_txxx",19.5521049499512,"Valais","Maximum temperature"
2003-09-08,"Vala_txxx",17.5953845977783,"Valais","Maximum temperature"
2003-09-09,"Vala_txxx",12.9429759979248,"Valais","Maximum temperature"
2003-09-10,"Vala_txxx",15.8711843490601,"Valais","Maximum temperature"
2003-09-11,"Vala_txxx",14.73876953125,"Valais","Maximum temperature"
2003-09-12,"Vala_txxx",18.0518932342529,"Valais","Maximum temperature"
2003-09-13,"Vala_txxx",16.8765544891357,"Valais","Maximum temperature"
2003-09-14,"Vala_txxx",17.5654964447021,"Valais","Maximum temperature"
2003-09-15,"Vala_txxx",20.1131973266602,"Valais","Maximum temperature"
2003-09-16,"Vala_txxx",21.7447662353516,"Valais","Maximum temperature"
2003-09-17,"Vala_txxx",22.2066040039062,"Valais","Maximum temperature"
2003-09-18,"Vala_txxx",23.5527992248535,"Valais","Maximum temperature"
2003-09-19,"Vala_txxx",24.7336444854736,"Valais","Maximum temperature"
2003-09-20,"Vala_txxx",24.4116725921631,"Valais","Maximum temperature"
2003-09-21,"Vala_txxx",23.790168762207,"Valais","Maximum temperature"
2003-09-22,"Vala_txxx",22.267951965332,"Valais","Maximum temperature"
2003-09-23,"Vala_txxx",17.4691734313965,"Valais","Maximum temperature"
2003-09-24,"Vala_txxx",13.7354698181152,"Valais","Maximum temperature"
2003-09-25,"Vala_txxx",18.9738807678223,"Valais","Maximum temperature"
2003-09-26,"Vala_txxx",19.953145980835,"Valais","Maximum temperature"
2003-09-27,"Vala_txxx",19.5263710021973,"Valais","Maximum temperature"
2003-09-28,"Vala_txxx",16.9359474182129,"Valais","Maximum temperature"
2003-09-29,"Vala_txxx",14.5441865921021,"Valais","Maximum temperature"
2003-09-30,"Vala_txxx",17.7884616851807,"Valais","Maximum temperature"
2003-05-18,"Zurch_txxx",20.0555820465088,"Zurich","Maximum temperature"
2003-05-19,"Zurch_txxx",24.9051380157471,"Zurich","Maximum temperature"
2003-05-20,"Zurch_txxx",14.1673574447632,"Zurich","Maximum temperature"
2003-05-21,"Zurch_txxx",12.9949007034302,"Zurich","Maximum temperature"
2003-05-22,"Zurch_txxx",12.3113641738892,"Zurich","Maximum temperature"
2003-05-23,"Zurch_txxx",23.7768459320068,"Zurich","Maximum temperature"
2003-05-24,"Zurch_txxx",27.1516075134277,"Zurich","Maximum temperature"
2003-05-25,"Zurch_txxx",13.9481267929077,"Zurich","Maximum temperature"
2003-05-26,"Zurch_txxx",14.0091238021851,"Zurich","Maximum temperature"
2003-05-27,"Zurch_txxx",17.1316680908203,"Zurich","Maximum temperature"
2003-05-28,"Zurch_txxx",20.0423469543457,"Zurich","Maximum temperature"
2003-05-29,"Zurch_txxx",22.6101417541504,"Zurich","Maximum temperature"
2003-05-30,"Zurch_txxx",25.5575218200684,"Zurich","Maximum temperature"
2003-05-31,"Zurch_txxx",27.3299369812012,"Zurich","Maximum temperature"
2003-06-01,"Zurch_txxx",27.3963737487793,"Zurich","Maximum temperature"
2003-06-02,"Zurch_txxx",26.4522438049316,"Zurich","Maximum temperature"
2003-06-03,"Zurch_txxx",27.2170238494873,"Zurich","Maximum temperature"
2003-06-04,"Zurch_txxx",29.5022830963135,"Zurich","Maximum temperature"
2003-06-05,"Zurch_txxx",28.169506072998,"Zurich","Maximum temperature"
2003-06-06,"Zurch_txxx",25.7442932128906,"Zurich","Maximum temperature"
2003-06-07,"Zurch_txxx",27.3063316345215,"Zurich","Maximum temperature"
2003-06-08,"Zurch_txxx",27.4064235687256,"Zurich","Maximum temperature"
2003-06-09,"Zurch_txxx",26.6561107635498,"Zurich","Maximum temperature"
2003-06-10,"Zurch_txxx",30.5921669006348,"Zurich","Maximum temperature"
2003-06-11,"Zurch_txxx",29.9776802062988,"Zurich","Maximum temperature"
2003-06-12,"Zurch_txxx",32.6438140869141,"Zurich","Maximum temperature"
2003-06-13,"Zurch_txxx",28.2508964538574,"Zurich","Maximum temperature"
2003-06-14,"Zurch_txxx",30.8870315551758,"Zurich","Maximum temperature"
2003-06-15,"Zurch_txxx",28.3495101928711,"Zurich","Maximum temperature"
2003-06-16,"Zurch_txxx",27.9769668579102,"Zurich","Maximum temperature"
2003-06-17,"Zurch_txxx",28.2328281402588,"Zurich","Maximum temperature"
2003-06-18,"Zurch_txxx",23.7879219055176,"Zurich","Maximum temperature"
2003-06-19,"Zurch_txxx",26.4308910369873,"Zurich","Maximum temperature"
2003-06-20,"Zurch_txxx",28.010274887085,"Zurich","Maximum temperature"
2003-06-21,"Zurch_txxx",27.4933738708496,"Zurich","Maximum temperature"
2003-06-22,"Zurch_txxx",30.9541072845459,"Zurich","Maximum temperature"
2003-06-23,"Zurch_txxx",34.213508605957,"Zurich","Maximum temperature"
2003-06-24,"Zurch_txxx",31.6970310211182,"Zurich","Maximum temperature"
2003-06-25,"Zurch_txxx",31.4524192810059,"Zurich","Maximum temperature"
2003-06-26,"Zurch_txxx",29.9547443389893,"Zurich","Maximum temperature"
2003-06-27,"Zurch_txxx",27.694278717041,"Zurich","Maximum temperature"
2003-06-28,"Zurch_txxx",25.6351509094238,"Zurich","Maximum temperature"
2003-06-29,"Zurch_txxx",29.3636035919189,"Zurich","Maximum temperature"
2003-06-30,"Zurch_txxx",33.301944732666,"Zurich","Maximum temperature"
2003-07-01,"Zurch_txxx",18.610710144043,"Zurich","Maximum temperature"
2003-07-02,"Zurch_txxx",22.0272521972656,"Zurich","Maximum temperature"
2003-07-03,"Zurch_txxx",20.7580642700195,"Zurich","Maximum temperature"
2003-07-04,"Zurch_txxx",17.3407363891602,"Zurich","Maximum temperature"
2003-07-05,"Zurch_txxx",20.6243133544922,"Zurich","Maximum temperature"
2003-07-06,"Zurch_txxx",23.8203182220459,"Zurich","Maximum temperature"
2003-07-07,"Zurch_txxx",25.9889907836914,"Zurich","Maximum temperature"
2003-07-08,"Zurch_txxx",26.587703704834,"Zurich","Maximum temperature"
2003-07-09,"Zurch_txxx",26.4507751464844,"Zurich","Maximum temperature"
2003-07-10,"Zurch_txxx",27.70827293396,"Zurich","Maximum temperature"
2003-07-11,"Zurch_txxx",28.54079246521,"Zurich","Maximum temperature"
2003-07-12,"Zurch_txxx",29.453763961792,"Zurich","Maximum temperature"
2003-07-13,"Zurch_txxx",28.3570404052734,"Zurich","Maximum temperature"
2003-07-14,"Zurch_txxx",28.8765525817871,"Zurich","Maximum temperature"
2003-07-15,"Zurch_txxx",31.4044532775879,"Zurich","Maximum temperature"
2003-07-16,"Zurch_txxx",32.5515747070312,"Zurich","Maximum temperature"
2003-07-17,"Zurch_txxx",21.1924781799316,"Zurich","Maximum temperature"
2003-07-18,"Zurch_txxx",25.5607490539551,"Zurich","Maximum temperature"
2003-07-19,"Zurch_txxx",29.3492202758789,"Zurich","Maximum temperature"
2003-07-20,"Zurch_txxx",33.0826950073242,"Zurich","Maximum temperature"
2003-07-21,"Zurch_txxx",25.1880474090576,"Zurich","Maximum temperature"
2003-07-22,"Zurch_txxx",29.0366287231445,"Zurich","Maximum temperature"
2003-07-23,"Zurch_txxx",26.6661682128906,"Zurich","Maximum temperature"
2003-07-24,"Zurch_txxx",21.006196975708,"Zurich","Maximum temperature"
2003-07-25,"Zurch_txxx",25.8489875793457,"Zurich","Maximum temperature"
2003-07-26,"Zurch_txxx",28.2080135345459,"Zurich","Maximum temperature"
2003-07-27,"Zurch_txxx",28.3936386108398,"Zurich","Maximum temperature"
2003-07-28,"Zurch_txxx",21.2209777832031,"Zurich","Maximum temperature"
2003-07-29,"Zurch_txxx",22.844554901123,"Zurich","Maximum temperature"
2003-07-30,"Zurch_txxx",25.5607490539551,"Zurich","Maximum temperature"
2003-07-31,"Zurch_txxx",21.7176189422607,"Zurich","Maximum temperature"
2003-08-01,"Zurch_txxx",26.5707244873047,"Zurich","Maximum temperature"
2003-08-02,"Zurch_txxx",28.8362865447998,"Zurich","Maximum temperature"
2003-08-03,"Zurch_txxx",31.606632232666,"Zurich","Maximum temperature"
2003-08-04,"Zurch_txxx",32.8124542236328,"Zurich","Maximum temperature"
2003-08-05,"Zurch_txxx",33.9339370727539,"Zurich","Maximum temperature"
2003-08-06,"Zurch_txxx",33.2025413513184,"Zurich","Maximum temperature"
2003-08-07,"Zurch_txxx",33.7761878967285,"Zurich","Maximum temperature"
2003-08-08,"Zurch_txxx",33.8437461853027,"Zurich","Maximum temperature"
2003-08-09,"Zurch_txxx",33.7777786254883,"Zurich","Maximum temperature"
2003-08-10,"Zurch_txxx",34.3993225097656,"Zurich","Maximum temperature"
2003-08-11,"Zurch_txxx",34.1149444580078,"Zurich","Maximum temperature"
2003-08-12,"Zurch_txxx",33.9731712341309,"Zurich","Maximum temperature"
2003-08-13,"Zurch_txxx",35.730037689209,"Zurich","Maximum temperature"
2003-08-14,"Zurch_txxx",27.88987159729,"Zurich","Maximum temperature"
2003-08-15,"Zurch_txxx",25.7502326965332,"Zurich","Maximum temperature"
2003-08-16,"Zurch_txxx",29.0551052093506,"Zurich","Maximum temperature"
2003-08-17,"Zurch_txxx",30.3156719207764,"Zurich","Maximum temperature"
2003-08-18,"Zurch_txxx",23.1355781555176,"Zurich","Maximum temperature"
2003-08-19,"Zurch_txxx",27.5336437225342,"Zurich","Maximum temperature"
2003-08-20,"Zurch_txxx",28.1889610290527,"Zurich","Maximum temperature"
2003-08-21,"Zurch_txxx",26.6946983337402,"Zurich","Maximum temperature"
2003-08-22,"Zurch_txxx",27.9541873931885,"Zurich","Maximum temperature"
2003-08-23,"Zurch_txxx",29.2519359588623,"Zurich","Maximum temperature"
2003-08-24,"Zurch_txxx",29.0262622833252,"Zurich","Maximum temperature"
2003-08-25,"Zurch_txxx",27.3957214355469,"Zurich","Maximum temperature"
2003-08-26,"Zurch_txxx",28.7857189178467,"Zurich","Maximum temperature"
2003-08-27,"Zurch_txxx",28.5574150085449,"Zurich","Maximum temperature"
2003-08-28,"Zurch_txxx",27.591911315918,"Zurich","Maximum temperature"
2003-08-29,"Zurch_txxx",21.1066493988037,"Zurich","Maximum temperature"
2003-08-30,"Zurch_txxx",19.810230255127,"Zurich","Maximum temperature"
2003-08-31,"Zurch_txxx",16.8564853668213,"Zurich","Maximum temperature"
2003-09-01,"Zurch_txxx",16.3495349884033,"Zurich","Maximum temperature"
2003-09-02,"Zurch_txxx",17.8956451416016,"Zurich","Maximum temperature"
2003-09-03,"Zurch_txxx",18.9372863769531,"Zurich","Maximum temperature"
2003-09-04,"Zurch_txxx",21.4383449554443,"Zurich","Maximum temperature"
2003-09-05,"Zurch_txxx",22.4283142089844,"Zurich","Maximum temperature"
2003-09-06,"Zurch_txxx",20.597448348999,"Zurich","Maximum temperature"
2003-09-07,"Zurch_txxx",22.657564163208,"Zurich","Maximum temperature"
2003-09-08,"Zurch_txxx",18.4768238067627,"Zurich","Maximum temperature"
2003-09-09,"Zurch_txxx",17.2329940795898,"Zurich","Maximum temperature"
2003-09-10,"Zurch_txxx",18.6090755462646,"Zurich","Maximum temperature"
2003-09-11,"Zurch_txxx",17.4760456085205,"Zurich","Maximum temperature"
2003-09-12,"Zurch_txxx",19.0344009399414,"Zurich","Maximum temperature"
2003-09-13,"Zurch_txxx",19.7831554412842,"Zurich","Maximum temperature"
2003-09-14,"Zurch_txxx",18.8194942474365,"Zurich","Maximum temperature"
2003-09-15,"Zurch_txxx",19.6031684875488,"Zurich","Maximum temperature"
2003-09-16,"Zurch_txxx",22.1528606414795,"Zurich","Maximum temperature"
2003-09-17,"Zurch_txxx",23.0995693206787,"Zurich","Maximum temperature"
2003-09-18,"Zurch_txxx",24.8219356536865,"Zurich","Maximum temperature"
2003-09-19,"Zurch_txxx",25.8623828887939,"Zurich","Maximum temperature"
2003-09-20,"Zurch_txxx",26.4527263641357,"Zurich","Maximum temperature"
2003-09-21,"Zurch_txxx",26.1768035888672,"Zurich","Maximum temperature"
2003-09-22,"Zurch_txxx",25.1830883026123,"Zurich","Maximum temperature"
2003-09-23,"Zurch_txxx",18.2876644134521,"Zurich","Maximum temperature"
2003-09-24,"Zurch_txxx",13.9697399139404,"Zurich","Maximum temperature"
2003-09-25,"Zurch_txxx",17.034818649292,"Zurich","Maximum temperature"
2003-09-26,"Zurch_txxx",21.5606098175049,"Zurich","Maximum temperature"
2003-09-27,"Zurch_txxx",21.3446846008301,"Zurich","Maximum temperature"
2003-09-28,"Zurch_txxx",19.3533973693848,"Zurich","Maximum temperature"
2003-09-29,"Zurch_txxx",15.2635173797607,"Zurich","Maximum temperature"
2003-09-30,"Zurch_txxx",16.5517349243164,"Zurich","Maximum temperature"
